ID;Descrição;Preço em R$
0;Fonte MSI MAG A650BN, 650W, 80 Plus Bronze, PFC Ativo, com cabo, Preto - 306-7ZP2B22-CE0;279,99
1;Fonte MSI MAG A500DN, 500W, 80 Plus Standard, PFC Ativo, sem cabo, Preto - 306-7ZP6A22-809;259,99
2;Fonte Corsair CV650, 650W, 80 Plus Bronze, com cabo, Preto - CP-9020236-BR;479,99
3;Fonte MSI MAG A850GL, 850W, 80 Plus Gold, Modular, PFC Ativo, com cabo, Preto;719,99
4;Fonte XPG Pylon, 650W, 80 Plus Bronze, com cabo, Preto - PYLON650B-BKCBR;349,99
5;Fonte XPG Kyber, 850W, 80 Plus Gold, sem cabo, Preto - KYBER850G-BKCBR;509,99
6;Fonte MSI MAG A550BN, 550W, 80 Plus Bronze, PFC Ativo, com cabo, Preto - 306-7ZP2A22-CE0;294,99
7;Fonte MSI MAG A600DN, 600W, 80 Plus Standard, PFC Ativo, sem cabo, Preto - 306-7ZP6B22-809;399,99
8;Fonte Gigabyte GP-P450B, 450W, 80 Plus Bronze, PFC ativo, com cabo, Preto - 28200-P450B-1BRR;234,99
9;Fonte PowerX PX230, 230W, com Cabo, Branco- PX230;59,99
10;Fonte Corsair CV550, 550W, 80 Plus Bronze, PFC Ativo, com cabo, Preto - CP-9020210-BR;349,99
11;Fonte Gigabyte GP-P550B, 550W, 80 Plus Bronze, PFC ativo, com cabo, Preto- 28200-P550B-1BRR;289,99
12;Fonte Cooler Master MWE Bronze V2 Full Range, 750W, 80 Plus Bronze, PFC Ativo, sem cabo, Preto - MPE-7501-ACAAW-BBR;464,99
13;Fonte Gamemax GX650, 650W, 80 Plus Gold, Modular, PFC Ativo, com cabo, Preto - GX650MBKV1S7710BR;409,99
14;Fonte Gamemax GX600, 600W, 80 Plus Gold, PFC Ativo, com cabo, Preto - GX600WBKPSS7710BR;369,99
15;Fonte Redragon RGPS, 600W, 80 Plus Bronze, Modular, PFC Ativo, sem cabo, Preto- GC-PS002-1;339,99
16;Fonte XPG Kyber, 750W, 80 Plus Gold, sem cabo, Preto - KYBER750G-BKCBR;549,99
17;Fonte Gigabyte P650B, 650W, 80 Plus Bronze, PFC Ativo, com cabo, Preto - GP-P650B/BR;369,99
18;Fonte Gamemax GP650, 650W, 80 Plus Bronze, PFC Ativo, com cabo, Preto - GP650;45,99
19;Fonte Gigabyte Ultra Durable UD850GM, 850W, 80 Plus Gold, Modular, PFC Ativo, sem cabo, Preto - GP-UD850GM;709,99
20;Fonte Gamemax GX850, 850W, 80 Plus Gold, Modular, PFC Ativo, com cabo, Preto - GX850MBKV1S7710BR;589,99
21;Fonte Gamemax GX700, 700W, 80 Plus Gold, PFC Ativo, com cabo, Preto - GX700WBKPSS7710BR;429,99
22;Fonte Atx Fortrek Crusader, 500w, Bivolt Manual, Cooler 120mm, Preto;118,90
23;Fonte Gamemax Gs600, 600w, 80plus White, Pfc Ativo, Preta;230,70
24;Fonte De Alimentação Fortrek Pws2003, 200W, ATX, 20+4P, Sem Cabo, Bivolt;45,99
25;Fonte Gigabyte UD1000GM PG5, 1000W, 80 Plus Gold, Modular, PFC Ativo, sem cabo, Preto - GP-UD1000GM PG5;1.109,99
26;Fonte Fortrek Black Hawk, 500W, 80 Plus Bronze, PFC Ativo, sem cabo, Preto - 70459;209,99
27;Fonte Gamemax GX1050 PRO, 1050W, 80 Plus Platinum, Modular, PFC Ativo, com cabo, Preto - GX1050PRBKS8810BR;776,99
28;Fonte Cooler Master MWE Bronze V2 Full Range, 550W, 80 Plus Bronze, Modular, PFC Ativo, com cabo, Preto - MPE-5501-ACAAW-BBR;289,99
29;Fonte Gigabyte Ultra Durable UD750GM, 750W, 80 Plus Gold, Modular, PFC Ativo, sem cabo, Preto - GP-UD750GM;729,99
30;Fonte Gigabyte Ultra Durable, 850W, 80 Plus Gold, Modular, PFC Ativo, sem cabo, Preto - GP-UD850GM PG5;799,99
31;Fonte Gamemax GX1050 PRO, 1050W, 80 Plus Platinum, Modular, PFC Ativo, com cabo, Metal - GX1050PRSLS8810BR;829,99
32;Fonte Redragon RGPS, 700W, 80 Plus Bronze, Modular, PFC Ativo, sem cabo, Preto - GC-PS005-1;509,99
33;Fonte MSI MAG A650GL, 650W, 80 Plus Gold, Modular, PFC Ativo, com cabo, Preto;599,98
34;Fonte Power X, ATX , 230W Real, Com Cabo, Com Caixa - PX230;59,68
35;Fonte Tronos ATX, 500W Real, Bivolt - TRS/5330-B;115,17
36;Fonte Cooler Master MWE Bronze V2 Full Range, 650W, 80 Plus Bronze, PFC Ativo, sem cabo, Preto - MPE-6501-ACAAW-BBR;409,99
37;Fonte Brazil PC Bpc-230, ATX 230W Real, 24 Pinos;42,74
38;Fonte Gamemax GX1250 PRO, 1250W, 80 Plus Platinum, Modular, PFC Ativo, com cabo, Metal - GX1250PROSLS8810BR;939,99
39;Fonte, Corsair CV750, 750W, 80 Plus Bronze, PFC Ativo;497,90
40;Fonte Duex DX 500FSE+, 500W, 80 Plus Bronze, PFC Ativo, com cabo, Preto - Duex fse +;239,99
41;Fonte Gigabyte Ultra Durable UD750GM, 750W, 80 Plus Gold, Modular, PFC Ativo, sem cabo, Preto - GP-UD750GM;743,99
42;Fonte Tronos, 600W Real, PFC Ativo, Bivolt - TN/6350-B;130,61
43;Fonte Aerocool Gamer, 400W, 80 Plus, PFC Ativo, White Full Range, KCAS;199,00
44;Fonte Redragon RGPS, 500W, 80 Plus Bronze - GC-PS001-1;299,99
45;Fonte Aerocool ATX VX-350, 350W, PFC Ativo, Bivolt, Sem Cabo, EN57181;119,90
46;Fonte One Power ATX, 500W - MP500W3-I;152,00
47;Fonte Redragon RGPS, 600W, 80 Plus Bronze, Modular, PFC Ativo, sem cabo, Preto  - GC-PS003-1;429,99
48;Fonte Brazil PC Gamer, 750W Real, BPC/7400-B;173,35
49;Fonte Mymax ATX, 300W Real, Bivolt Manual, Com Cabo, Preto - MPSU/LP300W;104,72
50;Fonte MSI MAG A750GL, 750W, 80 Plus Gold, Modular, PFC Ativo, com cabo, Preto;739,99
51;Fonte ASUS TUF Gaming, 1200W, 80 Plus Gold, Modular, PFC Ativo, sem cabo, Preto - 90YE00S0-B0BA00;2.299,99
52;Fonte Duex ATX, 500W Real, 80 Plus Bronze, PFC Ativo, 20+4P - DX 500FSE;197,91
53;Fonte Gamemax GX850 PRO, 850W, 80 Plus Gold, Modular, PFC Ativo, com cabo, Preto - GX850PBKPS18810BR;749,99
54;Fonte Duex Dx 600wfse+ 600w, ATX, Bivolt Automático, 80 Plus Bronze, PFC Ativo, Preto;247,84
55;Fonte Fortrek Black Hawk ATX, 400W, 80 Plus, PFC Ativo;189,28
56;Fonte Mymax ATX, 400W Real, Bivolt Manual, 24 Pinos, Com Cabo;122,32
57;Fonte NZXT C Series, 750W, 80 Plus Bronze, PFC Ativo, com cabo, Preto - PA-7G1BB-US;499,99
58;Fonte Aerocool ATX, 600W, 80 Plus Bronze, Bivolt, FAN 120mm, Sem Cabo, KCAS;279,90
59;Fonte Tronos Brazil PC, 350W Real, Bivolt Manual - BPC-325V1.2 - OEM;71,92
60;Fonte C3Tech, 200W Real, Bivolt Manual, PS-200V4;47,15
61;Fonte Cooler Master G600, 600W, 80 Plus Gold, PFC Ativo, com cabo, Preto - MPW-6001-ACAAG-BR;439,99
62;Fonte Brx, Atx 550w, Automatica Pfc - B-sa550w;142,03
63;Fonte De Alimentação Gamemax Gx850 850w 80 Plus Pfc Ativo Gold FULL Modular, Preta - Gx850mbkv1s7710br;536,60
64;Fonte Aerocool Gamer, 500W, 80 Plus Bronze, PFC Ativo, Full Range, KCAS;229,90
65;Fonte Corsair CV550, 550W, 80 Plus Bronze, PFC Ativo, Com Cabo de Força, 12V, Preto - CP-9020210-BR;348,90
66;Fonte Corsair ATX CV650, 650W, 80 Plus Bronze, Com Cabo De Força - CP-9020236-BR;449,00
67;Fonte BRX ATX, 750W, Rainbow RGB, BRX 80 Plus Bronze, Automática;289,00
68;Fonte Mymax ATX, 500W Real, Bivolt Manual, 24 Pinos, Cabo Incluso;157,52
69;Fonte Ubiquiti Poe Para U6-lite 802.3af - U-poe-af I;79,20
70;Fonte Bluecase Blu350-Epfc, 350W, Para Pc/Desktop, Bivolt, Com Cabo, Preto;125,10
71;Fonte Brazil PC Bpc/6350-B, Atx 600W Real, 24 Pinos Box;123,03
72;Fonte Cooler Master G500, 500W, 80 Plus Gold, PFC Ativo, com cabo, Preto - MPW-5001-ACAAG-BR;389,99
73;Fonte Multi, 200W, 127V e 220V, Sem Cabo- ga224;64,90
74;Fonte Gamemax GX800, 800W, 80 Plus Gold, PFC Ativo, com cabo, Preto - GX800WBKPSS7710BR;549,99
75;Fonte Redragon RGPS-500W, 500W, 80 Plus Bronze, PFC Ativo, Bivolt, Cabos Fixos - GC-PS001-1;304,00
76;Fonte One Power, 600W, PFC Passivo, Bivolt, Sem Cabo, Preto e Verde - MP600W3-I;180,32
77;Fonte BRX Rainbow Series, 850W, 80 Plus Bronze, PFC Ativo, Bivolt, RGB, Com Cabo;314,50
78;Fonte K-Mex, 230W Real, SFX - PP-250;134,90
79;Fonte Redragon RGPS, 400W, 80 Plus White, PFC Ativo - GC-PS012;207,00
80;Fonte Vinik Slim SFX, 230W Real, Bivolt, Para Gabinete, Corp - VFS230;122,62
81;Fonte Cooler Master Elite Nex W600, 600W, 80 Plus White, PFC Ativo, com cabo, Preto -  MPW-6001-ACAW-BB1;412,99
82;Fonte K-Mex PP-200RNG, 200W Real - PP200RNG0010B0X;107,91
83;Fonte Brazil PC ATX, 500W Real, 24 Pinos, Bivolt, Com Cabo - Bpc/5330;115,17
84;Fonte Cooler Master Elite Nex White 500, 500W, 80 Plus White, PFC Ativo, com cabo, Preto - MPW-5001-ACAW-BB1;389,99
85;Fonte XPG Pylon, 750W, 80 Plus Bronze;449,90
86;Fonte Tronos Gamer ATX, 500W Real, PFC Ativo, Bivolt, 24 Pinos - TRS/500PFCA;150,32
87;Fonte Gigabyte GP-P550B, 550W, 80 Plus Bronze - 28200-P550B-1;302,90
88;Fonte GAMDIAS Kratos E1, 500W, 110/220V Chaveada, LED RGB, Sem Cabo - GD-Z500ZZZ;199,90
89;Fonte Hoopson ATX, 230W - FNT-230;75,90
90;Fonte Ubiquiti Poe Para U6-lr/u6-pro 802.3at - U-poe-at;164,35
91;Fonte Duex 600fse++ 600w 80+ Bronze Pfc Ativo, Full Modular;278,26
92;Fonte BRX Rainbow, 650W, 80 Plus, PFC Ativo, Bivolt, RGB, RGB-650W;238,00
93;Fonte ATX Gamemax Gx600, 600W, 80 Plus Gold, Pfc Ativo, Black - Gx600wbkpss7710br;359,90
94;Fonte Xpg 650w, Pylon 80 Plus, Bronze PFC - Ativo;340,90
95;Fonte Cooler Master ATX, 800W Real, 80 Plus Gold, MPW-8001-ACAAG-WO;822,91
96;Fonte Vinik Slim TFX, 230W, Real, Bivolt, Com Cabo, Para Gabinete - VFT230;136,57
97;Fonte Gamer Aerocool ATX KCAS, 700W, Sem Cabo, Preto - EN53381;326,03
98;Fonte ASUS ROG Thor 1600T, 1600W, 80 Plus Titanium, Modular, PFC Ativo, sem cabo, Preto - 90YE00K0-B0BA00;4.839,99
99;Fonte Cougar Atlas, 750W, 80 Plus Bronze, Pfc Ativo - 31at075003p01;469,00
100;Fonte DEX ATX Gamer, 500W Real, Bivolt, Silenciosa, Para PC, 24 Pinos;145,51
101;Fonte, Aerocool, KCAS, 800W, 80 Plus Bronze, não-modular, PFC Ativo, bivolt automática, sem LED/RGB, com cabo;404,91
102;Fonte Redragon RGPS, 700W, Full Modular, Bivolt, FAN 140mm - GC-PS005;470,87
103;Fonte Pcyes Electro V2, 750W, 80 Plus Bronze, PFC Ativo, Rev.2;484,97
104;Fonte Safegamer, 550W, Full Modular, PFC Ativo;225,90
105;Fonte Bright FT005, 1000W, Modular, sem cabo, Preto e Amarelo - FT005;499,99
106;Fonte Brazil PC Gamer ATX, 500W, 80 Plus Bronze, PFC Ativo - BPC/500;219,65
107;Fonte 600w 80 Plus, Bronze Cougar Atlas, Pfc Ativo, Preto - Cgr Ba-600;347,25
108;Fonte Tronos Gamer ATX, 750W, Bivolt, 24 Pinos - TRS/7400-B;163,29
109;Fonte ATX Gamemax Gx800, 800W, 80 Plus Gold, Pfc Ativo, Black - Gx800wbkpss7710br;558,32
110;Fonte Gigabyte GP-P450B, 450W, 80 Plus Bronze - 28200-P450B-1BRR;269,10
111;Fonte Corsair 450w 80 Plus Bronze Atx Cv450 Preto Cp-9020209-br;479,90
112;Fonte Automática Brx ATX, 650w, Preto/amarelo;155,56
113;Fonte Cougar Atlas, 650w, 80 Plus Bronze, Pfc Ativo, 31at065001p01;354,52
114;Fonte Gamemax Gx650, 650W, 80 Plus Gold, Full Modular, Pfc Ativo - Gx650mbkv1s7710br;473,78
115;Fonte Cooler Master ATX MWE 650 White V2, 650W, Com Cabo, Para PC, MPE-6501-ACAAW-BR;542,40
116;Fonte De Alimentação Pcyes Schocker 500w, 80 Plus, White, Pfc Ativo, Com Cabo;239,31
117;Fonte Neologic Gamer, 600w, 80 Plus Bronze, Apfc, Com cabo - Nl-600;269,33
118;Fonte ATX Brazilpc, 230W Real, Bpc-230v1.2, O&m C/cabo;53,10
119;Fonte Brazilpc 500W Real, 80plus Bronze, 24 Pinos, ATX;200,52
120;Fonte Maximus Real, 650w, Revenger, 80plus;284,05
121;Fonte Cowboy Gamer ATX, 700W - CB-201;222,47
122;Fonte De Alimentação Bluecase Atx Box, 350W, C/ Cabo - Blu350-Eps3;105,36
123;Fonte C3Tech ATX, 200W, Sem Cabo, PS-200V3;69,99
124;Fonte Multi, 350W - GA350;219,90
125;Fonte Multi, 200W Real, Bivolt Manual - GA039;69,90
126;Fonte Vinik Dash Gamer, 350W, 110-230V, Preto - VFG350W P;123,90
127;Fonte Cooler Master Gx750, 750W, 80 Plus Gold, Full Modular, PFC Ativo, Preto - Mpe-7501-Afaag;861,29
128;Fonte Pcyes Spark, 600W, 75+, PFC Ativo, Cabos Flat - PXSP600WPT;270,13
129;Fonte Hoopson ATX, 230W, Bivolt, SATA IDE, Com Cabo De Força;78,99
130;Fonte 1200w Tt Toughpower Gf3 Modular Gold Ps-tpd-1200fnfagb-n;2.057,31
131;Fonte Brazil PC Bpc-230, ATX 230W Real, 24 Pinos - OEM;40,26
132;Fonte Gamer C3tech, 700W, 80 Plus Bronze, Pfc Ativo, ATX - Ps-G700b;366,34
133;Fonte Power Station ATX, 500W, Bivolt, Preto - PS-500;120,38
134;Fonte Neologic, ATX, 500W, 80 PLUS, PFC Ativo, Entrada Bivolt, Preto, Bronze - NL-500;199,00
135;Fonte C3Tech ATX, 200W, Sem Cabo, PS-200V4;50,00
136;Fonte Fortrek ATX 200w RMS Sem Cabo 20+4p;64,90
137;Fonte De Alimentação Concórdia 600w Real, 80 Plus, White, Automática, Com Pfc Ativo;251,10
138;Fonte de Alimentação Bluecase Blu500r-b, ATX 500w, 80 Plus, Bronze Pfc Ativo, Com cabo - Preto;252,61
139;Fonte Pixxo Sfx 200w Com Cabo Auto Pl200axs;168,08
140;Fonte Bright TFX 750W, Prata - FT007;253,99
141;Fonte Ipec, 2A, Com Timer;154,90
142;Fonte XPG Pylon, 550W, 80 Plus Bronze - PYLON550B-BKCBR 3422;379,90
143;Fonte Tronos Atx 230w Real Brazilpc Bpc-230v1.2, 230w O&m C/cabo;56,00
144;Fonte K-Mex, 200W, Com Cabo - PX300CNG0001B2X;90,54
145;Fonte ATX Mymax 1000W, 80 Plus Silver, Pfc Ativo, Modular - Mpsu/fp1000w;527,12
146;Fonte Brazil PC ATX 800W, Real Pro Full Modular, 80plus, Bronze - Ps/Fm800brz80;429,00
147;Fonte De Alimentacao Pixxo, 200w, Atx S/ Cabo - Pf200sxjsc;69,92
148;Fonte Revenger 750W 80 Plus Bronze, PFC, Ativo Fo-max03;360,95
149;Fonte Draxen, 500W, 80 Plus Bronze, PFC Ativo, Com Cabo - DN500/BRONZE;237,83
150;Fonte K-Mex ATX, 300W Real, 12 V2.31, Cooler de 120 mm - PK300RPF;175,90
151;Fonte Corsair RM1000X 1000W, 80 Plus Gold, Full Modular, Bivolt, Sem Cabo, Preto - CP-9020201-WW;1.699,99
152;Fonte Thermaltake Toughpower 1050w Gf A3, 80 Plus Gold, Pfc Ativo, Full Modular, Branca - Ps-tpd-1050fnfagb-n;1.561,41
153;Fonte Pcyes Spark, 400W, 75+, PFC Ativo, Cabos Flat - PXSP400WPT;210,04
154;Fonte K-Mex Mini, 200W, Conector De Energia Em L - PB-200CNF;117,99
155;Fonte Gamer Redragon RGPS, 400W, 80 Plus White, PFC Ativo, sem cabo, Preto - GC-PS012;229,99
156;Fonte BRX TFX, 400W;156,09
157;Fonte ASUS ROG Loki SFX-L, 750W, 80 Plus Platinum, Modular, PFC Ativo, sem cabo, Preto - 90YE00N4-B0BA00;1.599,99
158;Fonte Gigabyte, ATX 650W, 80 Plus Bronze, Com Cabo Preto;383,65
159;Fonte Cooler Master MWE, 550W, 80 Plus White, PFC Ativo, Com Cabo, Padrão Brasileiro, MPE-5501-ACAAW-BR;407,15
160;Fonte Draxen Gamer ATX, 700W, 80 Plus Bronze, PFC Ativo - DN700/BRONZE;192,72
161;Fone De Ouvido Qcy, Bluetooth 5.3, T13x 5.3,  4 Mic, Enc In-ear;219,90
162;Fonte GAMDIAS Kratos M1, 750W, 80 Plus Bronze, PFC Ativo, RGB - M1-750B;418,00
163;Fonte K-Mex ATX, 200W, 12V, Com Cabo;53,10
164;Fonte Corsair ATX CX550F, 550W Real, RGB - CP-9020225-BR;1.179,90
165;Fonte Redragon, 600W, 80 Plus Bronze, Modular - GC-PS003-1, 3007;415,00
166;Fonte Brx ATX 400w, Automática;168,19
167;Fonte Redragon RGPS-600W, 600W, PFC Ativo, Bivolt, Cabos Fixos, Sem Cabo de Força, FAN 14cm, GC-PS002-1;336,00
168;Fonte Thermaltake Toughpower Gf A3, 850W, Full Modular - Ps-Tpd-0850fnfagb-H;1.256,31
169;Fonte Gamemax Gx1050 Pro 1050w, 80 Plus, Platinum Full Modular Pfc Ativo, Metal - Gx1050prsls8810br;870,39
170;Fonte Redragon, ATX 1000w, 80 Plus, Platinum, Preto, Full Modular;1.345,00
171;Fonte C3tech Ps-201, 200w, ATX, Bivolt Manual - OEM;63,50
172;Fonte Brazilpc Atx 500w Brazilpc Bpc/5350-m 24 Pinos Box;92,26
173;Fonte Knup Gamer ATX, 400W, Bivolt, 24 Pinos - KP-532;392,88
174;Fonte Duex ATX, 200W;62,22
175;Fonte Knup ATX Cowboy Gamer, 600W;333,87
176;Fonte Aerocool VX-500, 500W, Bivolt, ATX, Preto, EN57136;199,99
177;Fonte Goldentec ATX, 250W Real - FG-ATX250;99,99
178;Fonte BlueCase ATX, 350W, PFC, BLU350PFC;166,30
179;Fonte ATX Gamemax Gx700, 700W, 80 Plus Gold, Pfc Ativo, Black - Gx700wbkpss7710br;424,50
180;Fonte Goldentec ATX, 350W Real, Bivolt;237,96
181;Fonte  Onepower, ATX 650w, Autoswitch- Mp-650-opasw;192,10
182;Fonte De Alimentação Onepower, 600w, Bivolt, Preto - Mp-600-opasw;189,04
183;Fonte Redragon RGPS-500W, 500W, PFC Ativo, Bivolt, FAN 140mm - GC-PS001;319,90
184;Fonte Cougar GEX, 750W, 80 Plus Gold, Full Modular, PFC Ativo - 31GE075010p01;736,98
185;Fonte Evus Gamer, 600W, 80 Plus Bronze, LED RGB - EVG600;265,58
186;Fonte C3Tech ATX, 700W, 80 Plus White, PS-G700M;359,01
187;Fonte Atx 500w Real Bpc/5350-m, 24 Pinos, Com Cabo Box;105,00
188;Fonte C3Tech, 200W, 115V/230V, PS-200V4;62,90
189;Fonte Cooler Master Mwe, 750w, 80 Plus Bronze-mpe-7501-acaabbr;530,00
190;Fonte Brx Automatica, 750w, Amarela;209,95
191;Fonte ATX 800w Automatica Storm-z Full Modular;492,15
192;Fonte XPG Core Reactor, 850W, 80 Plus Gold, Modular, Bivolt;1.740,47
193;Fonte De Alimentação Pcyes Schocker 600w, 80 Plus, White Pfc Ativo C/cabo;275,31
194;Fonte Cooler Master G700, 700W, 80 Plus Gold, PFC Ativo, MPW-7001-ACAAG-WO;549,90
195;Fonte Gamemax Gx850 Pro, 850w 80 Plus, Gold FULL Modular, Pfc Ativo - GX850PBKPS18810BR;718,99
196;Fonte Cooler Master, G600, 80plus Gold - 600W;622,40
197;Fonte Brazil PC 1.2, 230W Real, 24 Pinos, BPC-230V;90,76
198;Fonte Redragon Atx 850w, 80 Plus Gold, Rgb, Pfc Ativo, Full Modular, Preto;882,90
199;Fonte K-Mex Mini ITX, 200W, 24P - PD-200RNG;128,75
200;Fonte ATX Brazilpc Pro, FULL 700w Modular, 80 Plus Silver 700w, Bivolt - EZ-8898S;315,38
201;Fonte Corsair RM1000E 1000W, 80 Plus Gold, Full Modular, Bivolt, Sem Cabo, Preto - CP-9020264-WW;1.759,99
202;Fonte Gigabyte P650B, 650W, 80 Plus Bronze - GPP650BBR;383,65
203;Fonte Poe Ubiquiti Gigabit  48v-24w, Preto;169,90
204;Fonte De Alimentação Gigabyte Aorus Gp-ap1200pm, 1200 W, Platinum;4.290,00
205;Fonte Dmix ATX Gamer, 600W Real, Bivolt, Silenciosa, Para PC, 24 Pinos;237,90
206;Fonte Pcyes Electro V2, 650W, 80 Plus Bronze, PFC Ativo;431,10
207;Fonte Thermaltake Smart BX1, 650W, 80 Plus Bronze, PFC Ativo - PS-SPD-0650NNFABB-1;603,18
208;Fonte Aerocool 500W Chaveada VX-500, Bivolt, Sem Cabo de Força, EN57136;174,24
209;Fonte De Alimentação Hayom, ATX, 200W, Cabo De Força;72,90
210;Fonte De Alimentação Atx Potencia Real 500w Goldentec - G500- GT500;249,00
211;Fonte Hayom, 500w, 80 Plus, ATX, 110/220v - w-pw1605;290,00
212;Fonte Gamer Aerocool,ATX Kcas 1000gm Pfc Ativo, 80 Plus Gold;906,61
213;Fone de Ouvido Realme Buds Air 3s, Bluetooth 5.3, Bateria 30h, 4 Mic Enc;319,90
214;Fonte Pcyes ATX Electro V2 Series, 500W Real, 80 Plus White;322,47
215;Fonte C3tech Ps-g500, ATX, 500w, 80 Plus White Preto;349,00
216;Fonte Redragon Gc-ps017w, ATX 1000w, 80 Plus, Platinum Branco, FULL Modular;1.345,55
217;Fonte BRX Rainbow, ATX, 500W, 80 Plus, Automática PFC;225,25
218;Fonte Gamer Dash, 350w, Preto - Vfg350wpv2;135,18
219;Fonte Corsair Cv550, 550w, Pfc Ativo, 80 Plus® Bronze, Sem Cabo De Força, Cp-9020210-ww;800,01
220;Fonte De Alimentação Zebra, Básica - Pwr-wua5v-nac;127,00
221;Fonte Cooler Master Hyper White 600, 600W, 80 Plus White;869,90
222;Fonte Bluecase, 500W, PFC Ativo, Com Cabo, Preta, BLU500PFC;349,00
223;Fonte Mymax ATX, 200W, 24 Pinos, 2 SATA, Sem Cabo;48,40
224;Fonte Atx Gamer 850w Deepcool 80 Plus Gold Dq850m - V3l Full Modular Sem Cabo De Forca - Preto;908,89
225;Fonte Draxen ATX, 600W, 80 Plus Bronze, PFC Ativo - DN600;175,12
226;Fonte Cooler Master Masterwatt, 550W, 80 Plus Bronze, Semi-Modular, MPX-5501-AMAAB-WO;530,10
227;Fonte Brazil PC Gamer, 600W Real, 24 Pinos, BPC/6350-B;197,59
228;Fonte Mymax ATX Gamer, 850W, 80 Plus Bronze, PFC Ativo, Bivolt, Com Cabo, Preta;351,12
229;Fonte Gamemax, 550W, 80 Plus Bronze - GM550;488,11
230;Fonte Evus, 200W Real, 20/24P, 2 SATA, Com Cabo De Força E Caixa - FT-200W;92,83
231;Fonte Pcyes Spark, 500W, PFC Ativo, Com Cabo, Preto - PXSP500WPT;234,11
232;Fonte Vinik Gamer Dash, 400W, Preto - VFG400WP;142,50
233;Fonte BRX ATX, 600W, 80 Plus Bronze, Rainbow RGB, Automática;349,69
234;Fonte ATX Brazilpc Pro, FULL 800w Modular 80 Plus, Bronze,800w, Bivolt - EZ-8858C;343,34
235;Fonte Gamer Pcyes Electro V2, 450w, 80 Plus, Bronze;503,49
236;Fonte Gigabyte Ud1000gm Pg5, Full-modular, 80plus Gold, 1000w;2.229,90
237;Fonte Dazz Rop ATX, 550W, 80 Plus Bronze, PFC Ativo;275,40
238;Fonte Cougar Gex X2 850, 850W, 80 Plus Gold, Pfc Ativo, Ultra-Silenciosa, Full Modular, Preta - 31gt085004p01;1.056,93
239;Fonte Gigabyte Gp-ap1200gm 1200w, 80 Plus Platinum, Certificado Totalmente Modular, Fonte De Alimentação;4.490,00
240;Fonte de Alimentação Brazil PC, 700W Real, 80 Plus Silver, Modular,  PFC Ativo, ATX;421,83
241;Fonte Mymax ATX, 600W, 24 Pinos, 2 SATA, High Power - MPSU/FP600W;309,99
242;Fonte Asustor, 65W, Para NAS, AS-65W;132,21
243;Fonte Thermaltake TT Toughpower Grand Fully Mod, 1050W, 80+ Platinum, RGB - PS-TPG-1050F1FAPB-1;2.185,39
244;Fonte Hoopson Real, 500W, 115V e 230V - FNT-500W;329,99
245;Fonte C3Tech Gamer ATX, 600W, 80 Plus Bronze, PFC Ativo, Bivolt Automático, PS-G600B;300,92
246;Fonte Evus ATX, 500W, RGB, Bronze - EVG500;254,11
247;Fonte Cougar ATX, 400W, 80 Plus White - 31VC040008P01;318,40
248;Fonte De Alimentação Computador Gamer Knup, Potência 50W - 100~240VAC;256,50
249;Fonte De Alimentação K-Mex Px-400rpg, 250W, ATX, 20+4P, 12V;132,50
250;Fonte Cougar Gex X2 1000, 1000W, 80 Plus Gold, PFC Ativo, Ultra-Silencioso, Full Modular, Preta - 31gt100004p01;1.467,65
251;Fonte Cougar GEX, 850W, 80 Plus Gold, Modular, PFC Ativo - GEX850;1.282,00
252;Fonte VKOEM ATX, 200W;80,10
253;Fonte Real ATX, Storm-z,650w, Automática, Cooler, Amarelo;209,79
254;Fonte Pixxo TFX, 200W Real, Cinza - PTFX200;147,00
255;Fonte Duex ATX, 500W Real, 20+4 IDE, SATA - DX500FSE;136,12
256;Fonte Hoopson ATX, 750W, 80 Plus Bronze, PFC Ativo, 140mm;899,99
257;Fonte Colmeia Chaveada 12v 10a Camera Fita Led Som Bivolt - 120w;62,89
258;Fonte Duex 850w, 80 Plus Bronze, Pfc Ativo, Full Modular, 850fse++;597,04
259;Fonte Volt Primária Power Net - 1000;1.038,08
260;Fonte 850w Xpg Kyber, Pfc Ativo, Eficiência 80%, 80 Plus Gold - Kyber850g-bkcbr-sf;962,99
261;Fonte Corsair ATX HX850, 850W, 80 Plus Platinum, Full Modular, Sem Cabo De Força - CP-9020138-WW;2.069,90
262;Fonte Thermaltake ATX Smart Series, 500W, 80 Plus, Branco;449,00
263;Fonte Gamer Deepcool Dq750m-v3l Wo,80 Plus Gold, Full Modular, Preto, Sem Cabo De Força;829,90
264;Fonte Thermaltake Smart BX1, 550W, 80+ Bronze, All Flat Cables - PS-SPD-0550NNFABB-1;511,95
265;Fonte Chinamate ATX, 200W, Bivolt, CM200;81,90
266;Fonte Dazz Gamer ATX, 750W Real, 80 Plus Bronze, PFC Ativo;442,00
267;Fonte Pcyes TFX, 400W, Real, PFC Ativo, Para Gabinete Slim, Preta;302,43
268;Fonte Corsair SF, 450W, 80 Plus Gold, Full Modular - CP-9020104-WW;1.239,90
269;Fonte Gamer Aerocool, 600w, Vx-600, Bivolt, Atx, Sem Cabo;202,14
270;Fonte Tronos, 24 Pinos, Sem Cabo - TRS-230 V1.2 230W;68,32
271;Fonte Cooler Master Gx850 Gold, 80plus Gold, Full-modular - 850w;1.074,01
272;Fonte Pcyes TFX, 300W Real, PFC Ativo, Para Gabinete Slim - TFXKP300TB;373,49
273;Fonte Hoopson ATX, 450W, Bivolt, Silenciosa, Proteção - FNT-450W;360,75
274;Fonte Draxen ATX, 400W, 80 Plus White, PFC Ativo - DN400;262,24
275;Fonte Thermaltake Smart 600W, ATX 2.3 A-PFC 80+ White, Preto - Ps-Spd-0600npcwbz-W;441,90
276;Fonte K-Mex Pcwells, Bivolt Chaveada, Com Cabo - PK-550;149,00
277;Fonte K-Mex, 200W, Com Cabo - PX300CNG0001B0X;78,30
278;Fonte Vinik Gamer Dash, 600W, Preto - VFG600WP;198,29
279;Fonte C3Tech ATX, 350W Real, Bivolt, Manual, PS-350;124,44
280;Fonte Msi Mag A650bn Atx 650w 80 Plus Bronze Pfc Ativo Preto;480,00
281;Fonte Knup ATX Cowboy Gamer, 450W, Bivolt, Para PC - KP-533;251,10
282;Fonte Ktrok, 600W, 80 Plus Bronze, PFC Ativo, 115V/230V;324,63
283;Fonte Sate ATX, 500W, Bivolt, Live RGB - PRO-590;269,00
284;Fonte 600w, Gamdias Kratos M1, Rgb 80 Plus, Bronze Pfc Ativo;378,00
285;Fonte Knup Cowboy, 500W, Para PC Gamer - KP-534;469,78
286;Fonte Tronos Trs/500 ATX, 500W Real, 80 Plus Bronze, 24 Pinos - Ez8898b-500;196,88
287;Fonte K-Mex ATX Gamer, 500W, 80 Plus White - EU459;278,09
288;Fonte Fortrek ATX Black Hawk, 500W, 80 Plus Bronze, PFC Ativo;254,03
289;Fonte Atx Gamer 750w Deepcool 80 Plus Gold Dq750m - V3l Full Modular Sem Cabo De Forca - Preto;948,72
290;Fonte de Alimentação Bluecase, 500w, Blu500-epfc, Pfc Ativo, Com Cabo - Preto;191,98
291;Fonte Thermaltake Toughpower GF2, 850W, ArGB, Gold Modular PE - Ps-Tpd-0850f3faGB-2;1.462,42
292;Fonte Knup ATX, 350W, Para PC - KP-526;125,90
293;Fonte Foneng ATX, 500W Real - HDW0002;234,01
294;Fonte Seasonic TFX, 300W, 80 Plus Bronze, PFC Ativo, Slim, Bivolt Automático - SS-300TFX;448,89
295;Fonte Hayonik Chaveada, 12VDC, Para Teclado Yamaha - FTY/2A;50,55
296;Fonte Evus ATX, 200W, 12V, Sem Cabo, 24P, 2SATA, Com Caixa - PS-200;58,45
297;Fonte Almeida Chaveada, 12V, 5A, Tipo Colméia, Ideal Para CFTV, AL-1705G;35,80
298;Fonte BRX Rainbow, ATX, 350W, 80 Plus, Automática PFC;277,09
299;Fonte Corsair, 550W, 80 Plus Gold, Modular RMX, 550X - CP-9020177-WW;1.419,90
300;Fonte Tronos ATX 230W Real, Trs-230 V1.2, 24 Pinos, OEM;44,57
301;Fonte Atx Duex 500fse++, 500w, 80 Plus Bronze, Pfc Ativo, Full Modular, Dx500fse, Cor:preto, tamanho:único, gênero:unisse;526,99
302;Fonte Brazil Pc Atx 500w Bpc/5350-m 24 Pinos Com Cabo;165,61
303;Fonte Compatível Com Alimentação, 12v, 5 Amperes, Com Plug P4;39,40
304;Fonte Redragon ATX 1300W, 80 Plus Platinum, Full Modular, Preto - Gc-Ps018;1.596,30
305;Fonte BRX TFX, 500W;168,19
306;Fonte De Alimentacao C3tech 350wts Ps-350bk, Preto;118,01
307;Fonte Gigabyte P1000GM, 1000W, 80 Plus Gold - GPP1000GM;1.599,00
308;Fonte Bluecase ATX, 500W, 80 Plus Bronze, PFC Ativo, Com Ventilador, BLU500R-B;499,00
309;Fonte Corsair, Cv750, 750w, 80 Plus Bronze - CP-9020237-BR;989,00
310;Fonte Cooler Master G700 700w, 80 Plus Gold, Pfc Ativo, Mpw-7001-acaag-br;663,00
311;Fonte Gamemax Gamer ATX, 1050W, 80 Plus Silver, Semi-Modular, PFC Ativo, Preto - GM1050;1.196,05
312;Fonte Pcyes Electro V2, 600W, 80 Plus White, PFC Ativo, Com Cabo, ATX;414,29
313;Fonte Gamemax, 400W, 80 Plus Bronze, Box - GP400A;404,41
314;Fonte One Power ATX, 500W Real, Bivolt, CPU 4+4 Pinos, EPS 12V V2.3, Box 1247 - MP500W;175,00
315;Fonte Gamemax Gx1250 Pro 1250w, 80 Plus, Platinum Full Modular Pfc Ativo Metal - Gx1250prosls8810br;1.107,50
316;Fonte Mymax ATX, 500W, 24 Pinos, 2 SATA, High Power;262,99
317;Fonte Pixxo ATX, 500W, Com Cabo - PGC500;202,40
318;Fonte Redragon Rgps 700w 80 Plus Bronze Full Modular;588,00
319;Fonte Thermaltake TT Smart, 700W, 80+ White - PS-SPD-0700NPCW-W;552,19
320;Fonte C3Tech DT-100BK, 200W, Para Gabinete, Sem Cabo, PS-200SFX;125,09
321;Fonte K-Mex ATX, 200W Real - PX300DNG;56,90
322;Fonte Hoopson Real, 400W - FNT-400W-S;139,90
323;Fonte Corsair HX1000, 1000W, 80 Plus Platinum, Full Modular, Preto - CP-9020139-WW;2.549,90
324;Fonte Vinik Dash, 400W, RGB, Preto - VFG400WPR;160,29
325;Fonte Para Pc 230w Brazilpc Bpc-230, Bivolt, Manual;46,32
326;Fonte Corsair CV650 ATX, 650W, 80 Plus Bronze - CP-9020211-BR;559,00
327;Fonte Motospeed Hyrax ATX, 500W, 80 Plus Bronze, PFC Ativo, Baixo Ruído, 120mm - HFT500B1;449,90
328;Fonte Gigabyte Ud850gm, Full-modular, 80plus Gold, 850w;1.209,90
329;Fonte Cooler Master G500, 500W, 80 Plus Gold;649,90
330;Fonte Thermaltake TT Smart, 500W, 80+, RGB, All Sleeved Cables - PS-SPR-0500NHFAWB-1;474,99
331;Fonte De Alimentação Casemall 600W, Sem Cabo -  All-600-Tpw;174,51
332;Fonte C3Tech, 500W, 80 Plus Bronze, Com PFC, PS-G500B;268,37
333;Fonte K-Mex ATX, 400W Real, Bivolt - PK 550;158,72
334;Fonte K-Mex ATX, 300W Real - PX-450RQG;171,00
335;Fonte Pcyes Electro V2, 550W, 80 Plus Bronze, PFC Ativo;306,58
336;Fonte Aerocool KCAS, 500W, 80 Plus Bronze, PFC Ativo, 115-230V - EN53367;359,99
337;Fonte Cooler Master Elite Nex - 600w;480,90
338;Fonte C3Tech, 500W, PS-500BK;269,65
339;Fonte Knup ATX, 500W Real, 24P, Com Cabo, Bivolt - KP-522;164,90
340;Fonte Corsair ATX CX550F, 550W, 80 Plus Bronze, Full Modular, RGB Black, Com Cabo De Força - CP-9020216-BR;1.179,90
341;Fonte Thermaltake TT Smart ATX 2.3, 500W, 80 Plus White, PFC Ativo, Preta;402,29
342;Fonte Asustor Storage, 65W, 80 Plus, Para Servidor, AS-65W;519,30
343;Fonte Gigabyte P450B, 450W, 80 Plus, PFC Ativo, Bronze - GPP450BBR;399,99
344;Fonte Cooler Master, 500W, 80 Plus Gold, MPW-5001-ACAAG-WO;503,01
345;Fonte Mtek Monterey, 500w, 110/220, Branco - mk-500wf;195,00
346;Fonte Corsair RM850, 850W, 80 Plus Gold, Modular;1.589,90
347;Fonte Mtek Power Supply, 550w, 80 plus Standard, Não modular, Pfc Ativo, Branca;399,00
348;Fonte Sate Superpower, 500W, ATX, Bivolt - PRO-580;239,00
349;Fonte Pcfort, 500W, 80 Plus Bronze, Automática Com PFC Ativo;251,99
350;Fonte Goldentec ATX, 200W Real, Com Cabo - GT200R;95,11
351;Fonte ATX Rop  Dazz 900w Real 80 Plus Bronze Pfc Ativo;474,05
352;Fonte Gamemax, 500W Real, 80 Plus Bronze, PFC Ativo, Bivolt Auto, OEM - GM500;463,00
353;Fonte Gamer Ktrok RGB, 500W Real, 80 Plus Bronze, PFC Ativo;404,91
354;Fonte Vinik Colméia, 240W, 12V, Bivolt Chaveada, 20A - VFS1220;109,95
355;Fonte Cowboy, 500W, Preta - KP-534;253,00
356;Fonte Mymax ATX, 1000W, 80 Plus Silver, PFC Ativo - MPSU/FP1000;527,12
357;Fonte Maxprint Rop Black, 230W - 60000091;133,00
358;Fonte Atx 500w Mtek Mk 500wf;239,09
359;Fonte Gigabyte Ud850gm, 850w, 80 Plus Gold, Full Modular, Pg5, Pcie Gen 5, Preta;1.099,00
360;Fonte BRX, 1000W, 80 Plus Bronze, RGB, Bivolt;678,30
361;Fonte Thermaltake ATX, 750W, 80 Plus Bronze;677,39
362;Fonte De Alimentação Hayom 230w Atx - 110/220v - Pw1623;129,99
363;Fonte Gamer Nzxt C750, 750W, 80 Plus Bronze, Preto;691,71
364;Fonte Aerocool VX-350, 350W, Bivolt, EN57181;185,91
365;Fonte Thermaltake Toughpower GF3, 850W, 80 Plus Gold Modular PE - Ps-Tpd-0850fnfaGB-4;1.476,13
366;Fonte Knup ATX, 200W, 12V, 24 Pinos - KP-517;56,05
367;Fonte Thermaltake TT Toughpower GF1, 650W, Fully Modular, ARGB - PS-TPD-0650F3FAGB-1;1.207,47
368;Fonte Vinik Gamer Dash, 600W, FAN LED RGB, Preto - VFG600WPR;209,87
369;Fonte Cooler Master MWE, 500W, 80 Plus Bronze, PFC Ativo, Com Cabo, Padrão Brasileiro - MPE-5001-ACAAB-BR;869,90
370;Fonte Gigabyte P750gm, 750W, 80 Plus Gold, Full Modular - GP-P750GM;764,10
371;Fonte Vinik Gamer Dash, 500W, Preto - VFG500WP;164,81
372;Fonte Evus Gamer, 500W, 80 Plus, ARGB - EVG500;245,90
373;Fonte Thermaltake TT Smart ATX2.3, 600W, 80+ White, A-PFC - PS-SPD-0600NPCWBZ-W;467,26
374;Fonte Gamer Primetek Fp-1000/80+ ATX, 1000W, Real 80 Plus Silver, Pfc Ativo, Preta;699,90
375;Fonte 500w Real Brazil Pc - Bpc/5330;117,90
376;Fonte Gamer Ktrok Power Supply, 500W, 80 Plus Bronze, PFC Ativo, Bivolt Automático, Preto - KT-PS500W;249,90
377;Fonte Thermaltake TT Toughpower, 850W, 80 Plus Gold, Full Modular, PFC Ativo, 100V/240V, ARGB, GF1 - PS-TPD-0850F3FAGB-1;1.275,99
378;Fonte Rise Mode Gamer Atomic, 600W, LED, Branco - RM-FE-04-AT;549,00
379;Fonte ATX 1000w Automatica, Storm-z Full Modular;673,78
380;Fonte Casemall, 600W, Auto Switch, ALL600TTPSW;260,91
381;Fonte Gamer Primetek Fp-350, 350W, Real 80 Plus, ATX, Pfc Ativo, Bivolt, Preta;223,89
382;Fonte Corsair Hx1500i - 1500w, 80 Plus Platinum, Modular - Cp-9020215-na;3.690,00
383;Fonte T-Dagger, 500W, Bivolt, Sem Cabo - T-TPS206;233,93
384;Fonte Vinik Gamer Dash, 500W, 110-230V, LED RGB, Preto - VFG500WPR;185,90
385;Fonte Multi, 200W Real, Bivolt Manual, OEM - GA200BU;52,99
386;Fonte Pixxo SFX, 200W, 20/24 Pinos, Box - PL200WRPBG;150,00
387;Fonte Corsair Rm1200x, 1200w, 80 Plus Gold, Modular, Preto - Cp-9020254-na;3.390,00
388;Fonte Tarct FP-200, ATX 200W, Real Bivolt 20+24p, Com Cabo, Prata;89,49
389;Fonte Dazz, 650W, 80 Plus Bronze, PFC Ativo, Bivolt, Com Cabo, Preto - 63000002;303,90
390;Carregador Portátil Indução Xiaomi Mi 10w Fast Charge Powerbank 3 Turbo 10.000 Mah Saída Tipo C Tipo A;198,90
391;Fonte Thermaltake TT Toughpower Gf1, 1000W, 80+ Gold, Fully Modular - PS-TPD-1000FNFAGU-1;2.363,53
392;Fonte Onepower ATX, 500w, Autoswitch  - Mp-500-opasw;168,30
393;Fonte Para PC Cooler Master 600w - Mpx-6001-acaab-wo;749,90
394;Fonte Maxmidia Chaveada Compatível Com 2.1a, Usb, Para Carregamento, preto;12,60
395;Carregador Rápido Anker USB-C, 30w, Com Cabo USB-C, 1,5m;259,90
396;Fonte Ezcool Ps-890, 650W, ATX, 80+ Plus Bronze;399,00
397;Fonte Carregador Para Positivo Motion Q4128c-s 5v 3a Pwr475 - Bivolt;35,50
398;Fonte Casemall, 500W, Auto Switch, ALL500TTPSW4;224,01
399;Fonte 60w L Magsafe 1 Oem, Compativel Com, Macbook Pro, A1278, A1342, A1181, A1185, Ano 2008 e 2012;149,99
400;Fonte 750w Xpg Kyber,Eficiência 80%,80 Plus Gold - KYBER750G-BKCBR-SF;881,99
401;Fonte Pontual, Para impressora HP 32v e 16v.;40,90
402;Fonte 850w Tt Toughpower Gf A3 Snow, Fully Modular - Ps-tpd-0850fnfagb-n;1.520,09
403;Fonte Knup Gamer Ktrok, 500W, 80 Plus Bronze, PFC Ativo, Bivolt Automático - KT-PS500W;277,29
404;Fonte Gamer Aerocool, 700w, Vx-700, Bivolt, Atx, Sem Cabo;263,50
405;Fonte Cooler Master MWE Bronze 600, 600W, 80 Plus Bronze;969,90
406;Fonte Cooler Master Nex White 600, 80 Plus, White - 600w;629,90
407;Fonte 750w Tt Toughpower Gf A3 Fully Modular Ps-tpd-0750fnfagb-h;1.183,16
408;Fonte Goldentec, 500w, Real ATX;297,48
409;Fonte De Alimentação Vxpro Vx230se;69,90
410;Fonte Brx Automática, 850w, Amarela;258,40
411;Fonte Redragon Gc-ps018w, ATX, 1300w, 80 Plus, Platinum, Branco, FULL Modular;1.622,65
412;Fonte Para Desktop K-mex Px300cng Px300dng0001k0x De 110/220v C/cabo Energia;58,45
413;Fonte Aerocool 550W, 80 Plus Gold, PFC Ativo, ATX Dorado;619,90
414;Fonte Psu-200, 200w, 20/24p, 2 Sata - OEM;530,10
415;Fonte Coooler, Master Mwe V2 600w, 80 Plus, Bronze - Mpe-6001-acaab-wo;566,11
416;Fonte Grasep, Para Ultrabook Samsung series 5, Bivolt;47,90
417;Fonte Seasonic Tfx80 Plus Bronze, 300w - Ss-300;168,90
418;Fonte Diversas, Para impressora HP, Bivolt;78,90
419;Driver Ilumimax, Para LED 12v, 36w, 3a - Sy36-12;36,90
420;Fonte De Alimentação Flex, (2,1x5,5), Bivolt - Fx-9v/600ma;6,90
421;Driver Ilumimax, Para LED 12v, 48w, 4a - Sy48-12;40,90
422;Fonte Colmeia Fc Fontes, Para Cftv, 24v, 5a, 120w, Bivolt - Fc2405cn;78,56
423;Fonte De Alimetacao Pixxo, 200w, Real, Padrao, Micro Sfx - Pl200cxs;135,42
424;Fonte Cooler Master Nex White 500, 80 Plus, White - 500w;569,90
425;Fonte Cooler Master Hyper White 400, 400W, 80 Plus White;699,90
426;Fonte Evus Atx 500w Reais 20/24p 4 Sata Com Cabo Fe5wat;153,98
427;Fonte Cooler Master 600w, 80 Plus Gold - Mpw-6001-acaag-wo;601,26
428;Fonte Valianty Atx 400w, Com Cabo Power Supply;120,50
429;Fonte Bluecase Ez8898b-600, 600w Pfc Ativo, Eficiência 82%, 80 Plus, Bronze, C/ Cabo De Força;432,89
430;Fonte Xpg Core Reactor, 750w, 80 Plus, Gold Modular;2.037,00
431;Fonte Brazilpc Bpc/500pfca, Atx 500w, Real Apfc, 24 Pinos Box;153,54
432;Fonte De Alimentação Zebra - Pwr-bga12v50w0ww;197,27
433;Fonte Cooler Master V550 Gold Sfx, Full-modular - 550w;1.209,90
434;Fonte De Alimentacao Gamer One Power, 400w;149,33
435;Fonte 500w Reference 80 Plus, Bronze, Pfc Ativo, Full Modular Rfps-500wbz;283,90
436;Fonte Corsair Rm750, 750W, 80 Plus Gold, Branca - Cp-902023;3.363,72
437;Fonte Asustor Storage, 350W, Para Servidor, AS-350W;494,01
438;Fonte Alimentação, Compatível Com Chaveada, 5v, Plástico, 1amper;15,20
439;Fonte 800w Hp Enterprise, 12v, P39385-001 - P39385-001;5.520,49
440;Fonte De Alimentação Deepcool, 500w, Pk500d, 80 Pluz Bronze Bivolt - R-pk500d-fa0b-wo;393,86
441;Fonte 12v 10a Bivolt,Para Cftv, Colmeia;45,90
442;Fonte Gigabyte Ud 750w,  Modular, Eficiência 90%, 80 Plus, Gold - Gp-ud750gm;1.061,99
443;Fonte 500w, Real ATX;299,90
444;Fonte Corsair HX1500I 1500W, 80 Plus Platinum, Full Modular, Bivolt, Sem Cabo, Preto - CP-9020261-WW;3.399,99
445;Fonte De Alimentação Pcyes Schocker 400w, 80 Plus, White Pfc Ativo C/cabo;215,91
446;Fonte Driver Slim Ilumimax, Para fita LED, 12v , 1,5a,  18w, Bivolt;28,90
447;Driver Ilumimax, Para LED 12v, 24w, 2a - Sy24-12;32,90
448;Fonte Cooler Master Mwe 650w 80 Plus, Bronze V2 Pfc, Ativo;438,00
449;Fonte De Alimentação Brazilpc, 230w, Real, Atx, 24 Pinos, Bpc-230v1.2;53,78
450;Fonte Cooler Master V650 Gold Sfx, Full-modular - 650w;1.579,90
451;Fonte Cooler Master Nex White 700, 80 Plus, White - 700w;729,90
452;Fonte Xpg Pylon, 750w, 80 Plus, Bronze;1.080,00
453;Fonte Gamemax Gx1050 Pro 1050w, 80 Plus, Platinum Full Modular Pfc Ativo, Preta - Gx1050prbks8810br;899,90
454;Fonte Multi, 400W - GA400;219,90
455;Fonte Corsair Rm750e, 750W, 80 Plus Gold, Full Modular, Pcie 5.0, Preto - Cp-9020262-ww;3.363,72
456;Fonte Cooler Master Elite Nex - 700w;769,90
457;Fonte Hoopson ATX, 550W, Bivolt, RGB, Cooler Silencioso;249,00
458;Fonte Pcyes ATX Electro V2, 400W Real - 28531;255,35
459;Fonte Asustor, 90W, Para NAS, AS-90W;284,10
460;Fonte PXL Chaveada Estabilizada, 12V, 20A, Ideal Para CFTV;109,95
461;Fonte K-Mex ATX, 300W Real - PX-450RQG;195,02
462;Fonte Hayonik Chaveada, 24VDC, 0.5A, P4, DJ C- FCHP245I;34,24
463;Fonte Hayonik Chaveada, 9VDC, 1A, P4, C-, Preto - FTZM9I;33,92
464;Fonte Knup Regulada - KP-536;37,91
465;Fonte Hayonik Chaveada, 12VDC, 1A - FCTP1201;39,15
466;Fonte ATX, 550w Corsair Cv550 80+ Bronze Pfc Ativo;431,20
467;Fonte VX PRO ATX, 230W, Sem Cabo;49,99
468;Fonte Cooler Master Hyper White 500, 500W, 80 Plus White;789,90
469;Fonte Aerocool VX-350, 350W, sem cabo, Preto - EN57181;0
470;Fonte Gamemax GX750, 750W, 80 Plus Gold, Modular, PFC Ativo, com cabo, Preto - GX750MBKV1S7710BR;0
471;Fonte Corsair CV750, 750W, 80 Plus Bronze, com cabo, Preto - CP-9020237-BR;0
472;Fonte Gamer Fortrek ATX Crusader, 500W, sem cabo, Preto - 76955;0
473;Fonte One Power MP500W3-I, 600W, sem cabo, Preto - MP500W3-I;0
474;Fonte One Power MP500W3-I, 500W, sem cabo, Preto - MP500W3-I;0
475;Fonte Cooler Master G700, 700W, 80 Plus Gold, PFC Ativo, com cabo, Preto - MPW-7001-ACAAG-BR;0
476;Fonte Gamemax GP650, 650W, 80 Plus Bronze, PFC Ativo, Preto - GP650;0
477;Fonte C3Tech PS-200V4, 200W, sem cabo, Prata - PS-200V4;0
478;Fonte Aerocool KCAS, 500W, 80 Plus Bronze, PFC Ativo, sem cabo, Preto - EN53367;0
479;Fonte Gamemax GP750, 750W, 80 Plus Bronze, PFC Ativo, com cabo, Preto - GP750;0
480;Fonte Duex DX, 500W, 80 Plus Bronze, Modular, PFC Ativo, sem cabo, Preto - DX 500FSE++;0
481;Fonte Fortrek Black Hawk 400W, 80 Plus White, Preto - 70458;0
482;Fonte ASUS ROG Thor 1200P2, 1200W, 80 Plus Platinum, Modular, PFC Ativo, sem cabo, Preto  - 90YE00L0-B0BA00;0
483;Fonte Bright FT001, 550W, sem cabo, Preto e Amarelo - FT001;0
484;Cabo de Força 10A Hayom, 1.20m - CB1145;0
485;Fonte Aerocool VX-500, 500W, sem cabo, Preto  - EN57136;0
486;Fonte Bright FT004, 750W, 80 Plus Bronze, RGB, sem cabo, Preto - FT004;0
487;Fonte ASUS TUF Gaming, 750W, 80 Plus Gold, Modular, PFC Ativo, sem cabo, Preto - 90YE00S3-B0BA00;0
488;Fonte C3Tech PS-G600B, 600W, 80 Plus Bronze, PFC Ativo, sem cabo, Preto - PS-G600B;0
489;Fonte XPG Core Reactor, 750W, 80 Plus Gold, Modular, com cabo, Preto - Core Reactor;0
490;Fonte Gigabyte Aorus, 1200W, 80 plus Platinum, Modular, PFC Ativo, RGB, sem cabo, Preto - GP-AP1200PM;0
491;Fonte Bluecase BLU500-EPFC, 500W, PFC Ativo, Bivolt, com Cabo, Preto - BLU500-EPFCBX;0
492;Fonte EVGA 600W, 80 Plus White - 100-W1-0600-K;0
493;Fonte Gamemax GS600, 600W, 80 Plus White, PFC Ativo, com cabo, Preto - GS600;0
494;Fonte XPG Core Reactor, 850W, 80 Plus Gold, Modular, com cabo, Preto - Core Reactor;0
495;Fonte ASUS ROG Loki SFX-L, 1000W, 80 Plus Platinum, Modular, PFC Ativo, sem cabo, Preto - 90YE00N1-B0BA00;0
496;Fonte PCYes Spark 75+, 600W - PXSP600WPT;0
497;Fonte Bluecase Blu 500-E ATX, 500W, com Cabo - BLU500ECASE;0
498;Fonte Raidmax Vortex, 500W, 80 Plus Bronze - RX-500AF-V;0
499;Fonte Corsair RMx Series, RM550x, 550W, 80 Plus Gold, Full Modular - CP-9020197-NA;0
500;Fonte Asus ROG-STRIX-850G, 850W, 80 Plus Gold, Full Modular - 90YE00A3-B0BA00;0
501;Fonte Corsair CX450M, 450W, 80 Plus Bronze, Semi Modular - CP-9020101;0
502;Fonte OCPC BZ650M, 650W, 80 Plus Bronze, Modular - OCPSBZ650DM;0
503;Fonte EVGA 750W, 80 Plus Gold, Semi Modular - 210-GQ-0750-V;0
504;Fonte Bright, 650W, 80 Plus Bronze, RGB, Bivolt, Preto - FT003;0
505;Fonte Corsair RM850, 850W, 80 Plus Gold, Modular, Preto - CP-9020235-NA;0
506;Fonte Gigabyte UD1000GM PG5, 1000W, 80 PLUS Gold, Modular, PFC Ativo, Bivolt, Preto - GP-UD1000GM PG5;0
507;Fonte Corsair CX650, 650W, 80 Plus Bronze - CP-9020122;0
508;Fonte XPG Core Reactor, 650W, 80 Plus Gold Modular;0
509;Fonte Corsair CX750M, 750W, 80 Plus Bronze, Semi Modular, Preto - CP-9020222-BR;0
510;Fonte EVGA 700W, 80 Plus White - 100-W1-0700-K;0
511;Fonte EVGA SuperNOVA 1600 G+, 1600W, 80 Plus Gold, Modular, Bivolt, Preto - 220-GP-1600-X;0
512;Fonte Raidmax Vortex, 700W, 80 Plus Bronze - RX-700AC-V;0
513;Fonte Gamemax 1050W 80 Plus Silver Semi Modular - GMX GM1050;0
514;Fonte Husky Gaming Snow, Preto, 450 W, 80 Plus White - HGMV001;0
515;Fonte C3 Tech SFX Sem Cabo, 200W, 110V/220V, Branco - PS-201SFX;0
516;Fonte MSI MPG A850G PCIE5, ATX 3.0, 850W, 80 Plus Gold, Modular, PCIe 5.0, PFC Ativo, Bivolt, com Cabo, Preto - 306-7ZP7B12-CE0 - EAN: 824142293058;0
517;Fonte Nox Hummer X, 600W, 80 Plus Bronze, Semi-Modular  - NXHUMMERX600WBZ;0
518;Fonte Raidmax Cobra, 600W, 80 Plus Gold, Modular - RX-600AE-M;0
519;Fonte Corsair CX650M, 650W, 80 Plus Bronze, Semi Modular - CP-9020103;0
520;Fonte Corsair VS500, 500W, 80 Plus White - CP-9020223-BR;0
521;Fonte Corsair 750W 80 Plus Gold Semi Modular TX750M CP-9020131;0
522;Fonte Corsair CX550, 550W, 80 Plus Bronze - CP-9020121;0
523;Fonte Corsair RM650X, 650W, 80 Plus Gold, Modular, Preto - CP-9020198-WW;0
524;Fonte ASUS ROG Strix Aura Edition, 750W, 80 Plus Gold, Modular, PFC Ativo, sem cabo, Preto - 90YE00P3-B0BA00;0
525;Fonte PowerX 500W, com Cabo - PX500;0
526;Fonte OCPC BZ650, 650W, 80 Plus Bronze - OCPSBZ650D;0
527;Fonte Sharkoon SHP Bronze, 500W, 80 Plus Bronze - SHP BRONZE 500W;0
528;Fonte NZXT C Series, 650W, ATX, 80 Plus Bronze, Semi-Modular, com Cabo, Preto - PA-6B1BB-US;0
529;Fonte EVGA SuperNOVA 650 GA, 650W, 80 Plus Gold, Modular - 220-GA-0650-X;0
530;Fonte Corsair CX750F, 750W, 80 Plus Bronze, Totalmente Modular, RGB - CP-9020218-BR;0
531;Fonte Corsair RMX White Series, 750W, 80 Plus Gold, Modular, Branca - CP-9020187-WW;0
532;Fonte Corsair VS600, 600W, 80 Plus White - CP-9020224-BR;0
533;Fonte XPG Pylon, 750W, 80 Plus Bronze;0
534;Fonte Raidmax XT, 500W - RX-500XT;0
535;Fonte Brazil PC 600W BPC/6350 - 38037;0
536;Fonte Corsair RM750x, 750W, 80 Plus Gold, Modular - CP-9020179;0
537;Fonte Corsair RM650, 650W, 80 Plus Gold, Modular, Preto - CP-9020233-WW;0
538;Fonte Gigabyte, 1000W, 80 Plus Gold, Modular, PFC Ativo, Bivolt - GP-P1000GM;0
539;Fonte Corsair RMx Series, 750W, 80 Plus Gold, Full Modular, Branca - CP-9020187-NA;0
540;Fonte Corsair RM650, 650W, 80 Plus Gold, Modular, Preto - CP-9020233-NA;0
541;Fonte Bluecase Blu 350-E ATX, 350W, com Cabo - BLU350ECASE;0
542;Fonte Corsair RM750, 750W, 80 Plus Gold, Full Modular, Bivolt Preto - CP-9020234-NA;0
543;Fonte Corsair RM750X, 750W, 80 Plus Gold, Modular, Preto - CP-9020199-WW;0
544;Fonte Bright TFX 600W, Bivolt, Preto - FT006;0
545;Fonte Cooler Master MWE Bronze 600, 600W, 80 Plus Bronze, PFC Ativo, Bivolt, Preto - MPX-6001-ACAAB-US;0
546;Fonte Brazil PC 500W 80 Plus Bronze BPC/500 - 38040;0
547;Fonte EVGA 600W, 80 Plus Bronze - 100-BR-0600-K;0
548;Fonte EVGA 500W 80 Plus White - 100-W1-0500-KR;0
549;Fonte Cooler Master G800, 800W, 80 Plus Gold, PFC Ativo, Sem Cabo, MPW-8001-ACAAG-WO;0
550;Fonte Corsair RMx Series, RM650x, 650W, 80 Plus Gold, Full Modular - CP-9020178-NA;0
551;Fonte EVGA SuperNOVA 750 GA, 750W, 80 Plus Gold, Modular - 220-GA-0750-X;0
552;Fonte Bluecase 500W com Cabo e com Caixa - BLU500PFC;0
553;Fonte EVGA 850 B5, 850W, 80 Plus Bronze, Modular - 220-B5-0850-V;0
554;Fonte Bluecase BLU230-EATX Small, 230W, com Cabo - BLU230ESCASE;0
555;Fonte Corsair HX850, 850W, 80 Plus Platinum, Modular - CP-9020138;0
556;Fonte Hoopson 230W - FNT230-H (FNT-230W+ );0
557;Fonte Corsair RMx Series, RM850x, 850W, 80 Plus Gold, Full Modular - CP-9020200-WW;0
558;Fonte Bluecase 400W, 80 Plus White,  PFC Ativo, com Cabo - BLU400R-80E;0
559;Fonte EVGA 400W 100-N1-0400-L;0
560;Fonte Gamer Rise Mode Atomic, 500W, Led Branco - RM-FE-03-AT;0
561;Fonte Cooler Master Elite V3, 300W, PFC Ativo - MPW-3001-ACAAN1;0
562;Fonte Corsair TX550M- 550W, 80 Plus Gold, Semi-Modular, Preto - CP-9020133-WW;0
563;Fonte ASUS ROG Strix Aura Edition, 850W, 80 Plus Gold, Modular, PFC Ativo, sem cabo , Preto - 90YE00P2-B0BA00;0
564;Fonte Gamer Rise Mode Atomic, 600W, Led Branco - RM-FE-04-AT;0
565;Fonte Corsair CX750M, 750W, 80 Plus Bronze, Semi Modular - CP-9020061;0
566;Fonte EVGA 700W, 80 Plus Bronze - 100-BR-0700-K;0
567;Fonte Gigabyte GP-P750GM, 750W, 80 Plus Gold,  Modular - GP-P750GM;0
568;Fonte Corsair CV450, 450W, 80 Plus Bronze - CP-9020209-BR;0
569;Fonte Nox Hummer X, 700W, 80 Plus Bronze, Semi-Modular - NXHUMMERX700WBZ;0
570;Fonte Cooler Master MWE V2, 850W, 80 Plus Gold - MPE-8501-ACAAG-WO;0
571;Fonte Nox Hummer X, 500W, 80 Plus Bronze, Semi Modular - NXHUMMERX500WBZ;0
572;Fonte Sharkoon SHP Bronze, 600W, 80 Plus Bronze - SHP BRONZE 600W;0
573;Fonte ASUS ROG Loki SFX-L Platinum White Edition, 850W, 80 Plus Platinum, Modular, PFC Ativo, sem cabo, Branco - 90YE00N2-B0BA00;0
574;Fonte ASUS TUF Gaming, 850W, 80 Plus Gold, Modular, PFC Ativo, sem cabo, Preto - 90YE00S2-B0BA00;0
575;Fonte ASUS TUF Gaming, 1000W, 80 Plus Gold, Full Modular, PFC Ativo, Preto - 90YE00S1-B0BA00;0
576;Fonte Bright, 650W, Bivolt, Preto e Amarelo - FT002;0
577;Fonte MSI MPG A650GF, 650W, 80 Plus Gold, Modular, PFC Ativo, Bivolt, com Cabo, Preto - 306-7ZP0A22-CE0;0
578;Fonte Corsair RM850x, 850W, 80 Plus Gold, Full Modular, Bivolt, Preto - CP-9020200-NA;0
579;Fonte Gigabyte, 850W, 80 Plus Gold, Full Modular, Bivolt, Preto - GP-P850GM;0
580;Fonte Corsair RM1000X, 1000W, 80 Plus Gold, Modular, Preto - CP-9020201-WW;0
581;Fonte ASUS ROG Strix Aura Edition, 1000W, 80 Plus Gold, Modular, PFC Ativo, sem cabo , Preto - 90YE00P1-B0BA00;0
582;Fonte EVGA 750W, 80 Plus Bronze, Semi Modular, PFC Ativo - 110-BQ-0750-V;0
583;Fonte Tronos Real 750W, Bivolt - TRS/7400-B;0
584;Cabo de Energia MSI, Preto - OK3-7ZP6009-CE0;0
585;Fonte Gamemax 800W 80 Plus Bronze Semi-Modular - GM800 BK;0
586;Fonte EVGA SuperNOVA 550 GA, 550W, 80 Plus Gold, Modular - 220-GA-0550-X;0
587;Fonte Nox Urano, 750W, 80 Plus Bronze - NXURVX750BZ;0
588;Fonte Brazil PC 500W BPC/500PFCA - 38039;0
589;Fonte OCPC GD650M, 650W, 80 Plus Gold, Modular - OCPSGD650M;0
590;Fonte EVGA 500W, 80 Plus Bronze - 100-BR-0500-K;0
591;Fonte Corsair RMX, 650W, 80 Plus Gold, Modular - CP-9020178;0
592;Fonte Husky Gaming Snow, Preto, 550 W, 80 Plus White - HGMV003;0
593;Fonte Nox Hummer X, 650W, 80 Plus Gold, Modular - NXHUMMERX650GD;0
594;Fonte Cooler Master MWE Gold V2, 850W, 80 Plus Gold, Full Modular, PFC Ativo, Bivolt, Preto - MPE-8501-AFAAG-WO;0
595;Fonte Corsair RM1000X, 1000W, 80 Plus Gold, Fully Modular, Bivolt,  Preto - CP-9020201-NA;0
596;Fonte EVGA SuperNOVA 1300 G+, 1300W, 80 Plus Gold, Modular, Bivolt, Preto - 220-GP-1300-X;0
597;Fonte Husky Gaming Snow, 650 W, 80 Plus White, Preto - HGMV004;0
598;Fonte ASUS ROG Loki SFX-L, 850W, 80 Plus Platinum, Modular, PFC Ativo, sem cabo, Preto - 90YE00N3-B0BA00;0
599;Fonte ATX Fortrek Crusader, 300W, Bivolt, Preto - 70457;0
600;Fonte T-DAGGER 600W, Bivolt - T-TPS202;0
601;Fonte EVGA 700 BQ, 700W, 80 Plus Bronze, Semi Modular - 110-BQ-0700-V0;0
602;Fonte Cooler Master V1000 Platinum, 1000W, 80 Plus Platinum, Modular - MPZ-A001-AFBAPV;0
603;Fonte Asus TUF-GAMING-550B, 550W, 80 Plus Bronze - 90YE00D2-B0BA00;0
604;Fonte Corsair TX Series, 650W, 80 Plus Gold, Semi-Modular - CP-9020132-NA;0
605;Fonte Gamemax, 650W, 80 Plus Bronze - GM650;0
606;Fonte OCPC BZ550, 550W, 80 Plus Bronze - OCPSBZ550D;0
607;Fonte Corsair CX650M, 650W, 80 Plus Bronze, Semi Modular, Preto - CP-9020221-BR;0
608;Fonte OCPC WH400, 400W - OCPSWH400D;0
609;Fonte Gamer Gamemax 400W, 80 Plus Bronze - GP400A;0
610;Fonte Gamemax, 550W, 80 Plus Bronze - GM550;0
611;Fonte C3Tech PS-500BK, 500W - PS-500BK;0
612;Fonte Aerocool KCAS, 600W, 80 Plus Bronze - KCAS-600W;0
613;Fonte Nox Urano, 650W, 80 Plus Bronze - NXURVX650BZ;0
614;Fonte Gamer Rise Mode Atomic, 400W, Led Branco - RM-FE-02-AT;0
615;Fonte Corsair SF750, 750W, 80 Plus Platinum, Modular - CP-9020186-NA;0
616;Fonte Corsair TX550M, 550W, 80 Plus Gold, Semi Modular - CP-9020133;0
617;Fonte Brazil PC 750W BPC/7400 - 38038;0
618;Fonte Corsair CX550F, 550W, 80 Plus Bronze, Totalmente Modular, RGB, Branco - CP-9020225-BR;0
619;Fonte Sharkoon WPM Gold Zero, 550W, 80 Plus Gold, Semi-Modular;0
620;Fonte Corsair HX850i, 850W, 80 Plus Platinum, Modular - CP-9020073-WW;0
621;Fonte Thermaltake Smart Series, 500W, 80 Plus White - PS-SPD-0500NPCW;0
622;Fonte Corsair SF450, 450W, 80 Plus Gold, Modular - CP-9020104-WW;0
623;Fonte EVGA 650W, 80 Plus Bronze, Semi Modular - 110-BQ-0650-V;0
624;Fonte EVGA 600W, 80 Plus Bronze, Semi Modular, PFC Ativo - 110-BQ-0600-K;0
625;Fonte Nox Urano, 500W, PFC Ativo - NXURSX500;0
626;Fonte Corsair CX750, 750W, 80 Plus Bronze, PFC Ativo - CP-9020123;0
627;Fonte Corsair TX650M, 650W, 80 Plus Gold, Semi Modular - CP-9020132;0
628;Fonte Corsair HX1200, 1200W, 80 Plus Platinum, Modular - CP-9020140;0
629;Fonte Corsair VS650, 650W, 80 Plus White - CP-9020172;0
630;Fonte Nox Urano, 850W, 80 Plus Bronze - NXURTX850BZ;0
631;Fonte Sharkoon 750W, 80 Plus Gold, Modular, SilentStorm CoolZero;0
632;Fonte Sharkoon 850W, 80 Plus Gold, Modular, SilentStorm CoolZero;0
633;Fonte BR One BRX, 800W - UP-S800ACTIVE;0
634;Fonte Hoopson 500W - FNT-500W;0
635;Fonte Wisecase 500W - FNWD0005;0
636;Fonte BR One BRX Rainbow, 1000W, 80 Plus Bronze - RB1000P;0
637;Fonte Cooler Master MWE Bronze, 750W, 80 Plus Bronze - MPE-7501-ACAAB-BR;0
638;Fonte Corsair RM650, 650W, 80 Plus Gold, Modular - CP-9020194;0
639;Fonte Corsair RM750, 750W, 80 Plus Gold, Modular - CP-9020195;0
640;Fonte Corsair RM850, 850W, 80 Plus Gold, Modular - CP-9020196;0
641;Fonte Gamemax GM500G, 500W, 80 Plus Gold, Semi-Modular - GM500G;0
642;Fonte EVGA 600 GD, 600W, 80 Plus Gold - 100-GD-0600-V;0
643;Fonte EVGA 500 BQ, 500W, 80 Plus Bronze, Semi Modular - 110-BQ-0500-K;0
644;Fonte Cooler Master MasterWatt 650 TUF Gaming Edition, 650W, 80 Plus Bronze, Semi Modular - MPX-6501-AMAAB-OF;0
645;Fonte Corsair RM550X, 550W, 80 Plus Gold, Modular - CP-9020177-WW;0
646;Fonte Husky Gaming Snow, 400 W, 80 Plus White, Preto - HGMV000;0
647;Fonte Apexgaming Power Supply, 850W, 80 Plus Gold, Modular - AG-850M;0
648;Fonte Apexgaming Power Supply, 650W, 80 Plus Gold, Modular - AG-650M;0
649;Fonte Apexgaming Power Supply, 650W, 80 Plus Gold - STG-650;0
650;Fonte Seasonic, 850W, 80 Plus Gold, Semi-Modular - FOCUS GM-850;0
651;Fonte Asus TUF-GAMING-650B, 650W, 80 Plus Bronze - 90YE00D1-B0BA00;0
652;Fonte OCPC GD1000M, 1000W, 80 Plus Gold, Modular - OCPSGD1000M;0
653;Fonte OCPC GD750M, 750W, 80 Plus Gold, Modular - OCPSGD750M;0
654;Fonte Asus TUF-GAMING-750B, 750W, 80 Plus Bronze - 90YE00D0-B0BA00;0
655;Fonte One Power, 200W - MP200W-TFX;0
656;Fonte Gamemax 500W, 80 Plus Bronze - GMX GM500;0
657;Fonte EVGA 750W 100-N1-0750-L;0
658;Fonte Sharkoon WPM700, 700W, 80 Plus Bronze, Semi Modular;0
659;Fonte Nox Urano, 850W, PFC Ativo - NXURTX850;0
660;Fonte BlueCase ATX 350W PFC c/ Cabo - BLU350PFC;0
661;Fonte Brazil PC 500W BPC/5330 - 38036;0
662;Fonte Corsair RM850x 850W, 80 Plus Gold, Modular - CP-9020180;0
663;Fonte Corsair 550W 80 Plus White VS550 - CP-9020171;0
664;Fonte PCYes Electro V2, 500W, 80 Plus White - ELV2WHPTO500W;0
665;Fonte Sharkoon WPM Gold Zero, 650W, 80 Plus Gold, Semi-Modular;0
666;Fonte BR One BRX Rainbow, 550W, 80 Plus Bronze - RB550P;0
667;Fonte Cougar VTC500 500W 80 Plus White - 31VC050006P01;0
668;Fonte Rise Mode Atomic Series 600W - RM-FE-01-AT;0
669;Fonte PCYes Spark 75+, 400W - PXSP400WPT;0
670;Fonte Seasonic 700W, 80 Plus Bronze;0
671;Fonte Corsair SF600, 600W, 80 Plus Gold, Modular - CP-9020105-NA;0
672;Fonte Corsair AX Series AX850, 850W, 80 Plus Titanium, Modular - CP-9020151-WW;0
673;Fonte Corsair CV650, 650W, 80 Plus Bronze - CP-9020211-BR;0
674;Fonte Husky Gaming Snow, Preto, 500 W, 80 Plus White, Bivolt - HGMV002;0
675;Fonte Apexgaming Power Supply, 750W, 80 Plus Gold, Modular - AG-750M;0
676;Fonte Raptor, 500W, 80 Plus Bronze - FT251BRA;0
677;Fonte Asus ROG-STRIX-750G, 750W, 80 Plus Gold, Full Modular - 90YE00A0-B0BA00;0
678;Fonte Asus TUF-GAMING-750B, 750W, 80 Plus Bronze - 90YE00D0-B0BA00;0
679;Fonte Cougar BXM 700W, 80 Plus Bronze, Semi-Modular - 31BX070006P01;0
680;Fonte Raidmax XT, 400W - RX-400XT;0
681;Fonte Raidmax Vortex ARGB, 500W, 80 Plus Bronze - RX-500AF-VR;0
682;Fonte Raidmax Cobra 80Plus Gold, 800W - RX-800AE-M;0
683;Fonte be quiet! SYSTEM POWER U9 600W US 80+ Bronze - BN685;0
684;Fonte OCPC BZ750M, 750W, 80 Plus Bronze, Modular - OCPSBZ750M;0
685;Fonte Sharkoon 700W, PFC Ativo, 80 Plus Bronze, Bivolt - SHP Bronze 700 W BR;0
